Keyword,Location,Business Name,Google Maps URL
coffee shop,Jakarta,Owl Claws Coffee & Space,https://www.google.com/maps/place/Owl+Claws+Coffee+%26+Space/data=!4m7!3m6!1s0x2e69f594fc571bbd:0x3c6fd59b11f00e9b!8m2!3d-6.194079!4d106.859527!16s%2Fg%2F11lknkddxr!19sChIJvRtX_JT1aS4Rmw7wEZvVbzw?authuser=0&hl=id&rclk=1
coffee shop,Jakarta,TOMORO COFFEE - SPBU PRAMUKA,https://www.google.com/maps/place/TOMORO+COFFEE+-+SPBU+PRAMUKA/data=!4m7!3m6!1s0x2e69f5345c89a7cb:0xebe05345e26dbcd2!8m2!3d-6.1932996!4d106.8639548!16s%2Fg%2F11tp9v_8f3!19sChIJy6eJXDT1aS4R0rxt4kVT4Os?authuser=0&hl=id&rclk=1
coffee shop,Jakarta,Kaizen Heritage 3.0 / Kaizen Matraman,https://www.google.com/maps/place/Kaizen+Heritage+3.0+%2F+Kaizen+Matraman/data=!4m7!3m6!1s0x2e69f5f613d9437d:0xa43327b175fcee92!8m2!3d-6.2011023!4d106.8559888!16s%2Fg%2F11q2yp9xf9!19sChIJfUPZE_b1aS4Rku78dbEnM6Q?authuser=0&hl=id&rclk=1
coffee shop,Jakarta,Giyanti Coffee Roastery,https://www.google.com/maps/place/Giyanti+Coffee+Roastery/data=!4m7!3m6!1s0x2e69f4151ceb7767:0x79ac645c2aef736f!8m2!3d-6.1988778!4d106.8394721!16s%2Fg%2F12vqtc6zk!19sChIJZ3frHBX0aS4Rb3PvKlxkrHk?authuser=0&hl=id&rclk=1
coffee shop,Jakarta,Watt Coffee,https://www.google.com/maps/place/Watt+Coffee/data=!4m7!3m6!1s0x2e69f435e5b4ad01:0xf8eac50f0cdc2030!8m2!3d-6.1971335!4d106.8505063!16s%2Fg%2F11b72827xg!19sChIJAa205TX0aS4RMCDcDA_F6vg?authuser=0&hl=id&rclk=1
coffee shop,Jakarta,Bakoel Koffie Cikini,https://www.google.com/maps/place/Bakoel+Koffie+Cikini/data=!4m7!3m6!1s0x2e69f43f27fc212d:0xef90097e3188f8fd!8m2!3d-6.1878545!4d106.8369247!16s%2Fg%2F1ywqfm4wn!19sChIJLSH8Jz_0aS4R_fiIMX4JkO8?authuser=0&hl=id&rclk=1
coffee shop,Jakarta,Lucky Cat Coffee & Kitchen,https://www.google.com/maps/place/Lucky+Cat+Coffee+%26+Kitchen/data=!4m7!3m6!1s0x2e69f3f6ce7041f5:0x4ffd7a3b776d57f7!8m2!3d-6.2215466!4d106.8334701!16s%2Fg%2F11c464pjyp!19sChIJ9UFwzvbzaS4R91dtdzt6_U8?authuser=0&hl=id&rclk=1
coffee shop,Jakarta,INSOMNIA JAKARTA,https://www.google.com/maps/place/INSOMNIA+JAKARTA/data=!4m7!3m6!1s0x2e69f568a04d00ad:0x322223e9d4950c0d!8m2!3d-6.1937016!4d106.8652463!16s%2Fg%2F11scs78kb1!19sChIJrQBNoGj1aS4RDQyV1OkjIjI?authuser=0&hl=id&rclk=1
coffee shop,Jakarta,Setahun Kemarin,https://www.google.com/maps/place/Setahun+Kemarin/data=!4m7!3m6!1s0x2e69f57cc65eafe5:0x3de7777f7209408b!8m2!3d-6.1875242!4d106.8477531!16s%2Fg%2F11shk_wd76!19sChIJ5a9exnz1aS4Ri0AJcn935z0?authuser=0&hl=id&rclk=1
coffee shop,Jakarta,NGOLU COFFEE,https://www.google.com/maps/place/NGOLU+COFFEE/data=!4m7!3m6!1s0x2e69f57851646f19:0xf71c0682de0beb50!8m2!3d-6.1833804!4d106.8636106!16s%2Fg%2F11rjj6183c!19sChIJGW9kUXj1aS4RUOsL3oIGHPc?authuser=0&hl=id&rclk=1
coffee shop,Jakarta,Chester Coffee,https://www.google.com/maps/place/Chester+Coffee/data=!4m7!3m6!1s0x2e69f554e6fa73db:0x1010e3b7f4ae3e1b!8m2!3d-6.195456!4d106.869292!16s%2Fg%2F11ft1tynf9!19sChIJ23P65lT1aS4RGz6u9LfjEBA?authuser=0&hl=id&rclk=1
coffee shop,Jakarta,RECHARGE | Green Brew Space,https://www.google.com/maps/place/RECHARGE+%7C+Green+Brew+Space/data=!4m7!3m6!1s0x2e69f502f8d2f46f:0xb111592092367b6b!8m2!3d-6.1973287!4d106.8406764!16s%2Fg%2F11n0xkt4ss!19sChIJb_TS-AL1aS4Ra3s2kiBZEbE?authuser=0&hl=id&rclk=1
coffee shop,Jakarta,Classic Coffee Shop & Cafe,https://www.google.com/maps/place/Classic+Coffee+Shop+%26+Cafe/data=!4m7!3m6!1s0x2e69f50067e1afc3:0xd23a9ba780e20135!8m2!3d-6.1952789!4d106.860934!16s%2Fg%2F11vk4kykwf!19sChIJw6_hZwD1aS4RNQHigKebOtI?authuser=0&hl=id&rclk=1
coffee shop,Jakarta,Fillmore Coffee,https://www.google.com/maps/place/Fillmore+Coffee/data=!4m7!3m6!1s0x2e69f3fed15383eb:0x137057061c668f0f!8m2!3d-6.220375!4d106.823469!16s%2Fg%2F11clwnbsq2!19sChIJ64NT0f7zaS4RD49mHAZXcBM?authuser=0&hl=id&rclk=1
coffee shop,Jakarta,Titik Temu Cafe - Sarinah,https://www.google.com/maps/place/Titik+Temu+Cafe+-+Sarinah/data=!4m7!3m6!1s0x2e69f5d78fa58631:0x7df1564e86597e69!8m2!3d-6.1878881!4d106.8234838!16s%2Fg%2F11rv543mj6!19sChIJMYalj9f1aS4RaX5Zhk5W8X0?authuser=0&hl=id&rclk=1
coffee shop,Jakarta,Your favorite milk shake,https://www.google.com/maps/place/Your+favorite+milk+shake/data=!4m7!3m6!1s0x2e69f526d8cb3239:0x1367b1a4cec9e465!8m2!3d-6.1962983!4d106.8637322!16s%2Fg%2F11s19c7hqz!19sChIJOTLL2Cb1aS4RZeTJzqSxZxM?authuser=0&hl=id&rclk=1
coffee shop,Jakarta,Kontraks.coffeeslowbar,https://www.google.com/maps/place/Kontraks.coffeeslowbar/data=!4m7!3m6!1s0x2e69f54d3725638b:0xcb70cd1d55f05f14!8m2!3d-6.198319!4d106.8661406!16s%2Fg%2F11q8sd0k64!19sChIJi2MlN031aS4RFF_wVR3NcMs?authuser=0&hl=id&rclk=1
coffee shop,Jakarta,Common Grounds Coffee Roaster Menteng,https://www.google.com/maps/place/Common+Grounds+Coffee+Roaster+Menteng/data=!4m7!3m6!1s0x2e69f539fc04bbe1:0x40636b200cbc6254!8m2!3d-6.1995782!4d106.8371027!16s%2Fg%2F11qh33q5n6!19sChIJ4bsE_Dn1aS4RVGK8DCBrY0A?authuser=0&hl=id&rclk=1
coffee shop,Jakarta,Monarki Coffee | Coffee Shop Jakarta Pusat,https://www.google.com/maps/place/Monarki+Coffee+%7C+Coffee+Shop+Jakarta+Pusat/data=!4m7!3m6!1s0x2e69f7574d0b0e29:0xed47d12459cc74db!8m2!3d-6.1957661!4d106.8140295!16s%2Fg%2F11p74qqlgm!19sChIJKQ4LTVf3aS4R23TMWSTRR-0?authuser=0&hl=id&rclk=1
coffee shop,Jakarta,% Arabica Jakarta Roastery,https://www.google.com/maps/place/%25+Arabica+Jakarta+Roastery/data=!4m7!3m6!1s0x2e69f17ee5503299:0xef503dff46709df6!8m2!3d-6.234521!4d106.8072462!16s%2Fg%2F11tjm02bvc!19sChIJmTJQ5X7xaS4R9p1wRv89UO8?authuser=0&hl=id&rclk=1
coffee shop,Jakarta,"Fore Coffee - Plaza Festival, Jakarta","https://www.google.com/maps/place/Fore+Coffee+-+Plaza+Festival,+Jakarta/data=!4m7!3m6!1s0x2e69f384c0035821:0x1d00a064f7c5b0a0!8m2!3d-6.2215533!4d106.8334479!16s%2Fg%2F11h5n8dl_t!19sChIJIVgDwITzaS4RoLDF92SgAB0?authuser=0&hl=id&rclk=1"
coffee shop,Jakarta,Sky Garden Cafe,https://www.google.com/maps/place/Sky+Garden+Cafe/data=!4m7!3m6!1s0x2e69f3f9dd8d5419:0x3b6e483a346a0fdf!8m2!3d-6.220918!4d106.829175!16s%2Fg%2F1pp2w_327!19sChIJGVSN3fnzaS4R3w9qNDpIbjs?authuser=0&hl=id&rclk=1
coffee shop,Jakarta,505 Coffee Kopi Susu Gula Merah,https://www.google.com/maps/place/505+Coffee+Kopi+Susu+Gula+Merah/data=!4m7!3m6!1s0x2e69f3848df5e697:0xf9cf7a9b1347d81!8m2!3d-6.2184857!4d106.8335787!16s%2Fg%2F11lq1n_q18!19sChIJl-b1jYTzaS4RgX00san3nA8?authuser=0&hl=id&rclk=1
coffee shop,Jakarta,Kopi Titik Koma Kuningan,https://www.google.com/maps/place/Kopi+Titik+Koma+Kuningan/data=!4m7!3m6!1s0x2e69f39fe5e071e7:0x4d54e8ed61f0bdd8!8m2!3d-6.2211636!4d106.8289558!16s%2Fg%2F11sjgmxy30!19sChIJ53Hg5Z_zaS4R2L3wYe3oVE0?authuser=0&hl=id&rclk=1
coffee shop,Jakarta,Kopi Ujung Jalan,https://www.google.com/maps/place/Kopi+Ujung+Jalan/data=!4m7!3m6!1s0x2e69f5dc04162447:0x5f3374c58b6ae827!8m2!3d-6.2106682!4d106.8347442!16s%2Fg%2F11j0v1bvsw!19sChIJRyQWBNz1aS4RJ-hqi8V0M18?authuser=0&hl=id&rclk=1
coffee shop,Jakarta,Trace Roasting Co.,https://www.google.com/maps/place/Trace+Roasting+Co./data=!4m7!3m6!1s0x2e69f40520ec67d5:0xeda3c1abc8663fd3!8m2!3d-6.2080612!4d106.8268848!16s%2Fg%2F11ggs8mfg0!19sChIJ1WfsIAX0aS4R0z9myKvBo-0?authuser=0&hl=id&rclk=1
coffee shop,Jakarta,Hario Cafe Tokyo One Satrio,https://www.google.com/maps/place/Hario+Cafe+Tokyo+One+Satrio/data=!4m7!3m6!1s0x2e69f3dc8a6dbdbb:0x95b94227cbd5ebb4!8m2!3d-6.2263924!4d106.8261864!16s%2Fg%2F11y64yrfzx!19sChIJu71titzzaS4RtOvVyydCuZU?authuser=0&hl=id&rclk=1
coffee shop,Jakarta,KOZI Coffee Kuningan,https://www.google.com/maps/place/KOZI+Coffee+Kuningan/data=!4m7!3m6!1s0x2e69f32ab0f23285:0x5f61f600281486d0!8m2!3d-6.2224109!4d106.8239479!16s%2Fg%2F11hdvs_7wg!19sChIJhTLysCrzaS4R0IYUKAD2YV8?authuser=0&hl=id&rclk=1
coffee shop,Jakarta,Daily Bread,https://www.google.com/maps/place/Daily+Bread/data=!4m7!3m6!1s0x2e69f3f665ae793d:0xbb2d9a2a93a09463!8m2!3d-6.2180519!4d106.834514!16s%2Fg%2F1pt__qm8j!19sChIJPXmuZfbzaS4RY5SgkyqaLbs?authuser=0&hl=id&rclk=1
coffee shop,Jakarta,Diskusi Kopi & Ruang Berbagi Kawi,https://www.google.com/maps/place/Diskusi+Kopi+%26+Ruang+Berbagi+Kawi/data=!4m7!3m6!1s0x2e69f5d44807407b:0x5c9ce442a043f46b!8m2!3d-6.2103916!4d106.8343277!16s%2Fg%2F11jcm9dpz0!19sChIJe0AHSNT1aS4Ra_RDoELknFw?authuser=0&hl=id&rclk=1
coffee shop,Jakarta,NGOPI (Ngobrol & Kopi),https://www.google.com/maps/place/NGOPI+%28Ngobrol+%26+Kopi%29/data=!4m7!3m6!1s0x2e69f3bfabb6105b:0xe992a86e07ee9b0a!8m2!3d-6.2184868!4d106.8335707!16s%2Fg%2F11f5l_1g5n!19sChIJWxC2q7_zaS4RCpvuB26okuk?authuser=0&hl=id&rclk=1
coffee shop,Jakarta,TORAJA COFFEE HOUSE,https://www.google.com/maps/place/TORAJA+COFFEE+HOUSE/data=!4m7!3m6!1s0x2e69f3f218702c6f:0xd04840d72f20af89!8m2!3d-6.2258471!4d106.8360671!16s%2Fg%2F11fz9c5jkq!19sChIJbyxwGPLzaS4Ria8gL9dASNA?authuser=0&hl=id&rclk=1
coffee shop,Jakarta,Djournal Coffee Kuningan City,https://www.google.com/maps/place/Djournal+Coffee+Kuningan+City/data=!4m7!3m6!1s0x2e69f323fb60f6d7:0x100bd790aedc0823!8m2!3d-6.2248005!4d106.829278!16s%2Fg%2F11fn42l2gp!19sChIJ1_Zg-yPzaS4RIwjcrpDXCxA?authuser=0&hl=id&rclk=1
coffee shop,Jakarta,Muyen Coffee & Roastery Tebet,https://www.google.com/maps/place/Muyen+Coffee+%26+Roastery+Tebet/data=!4m7!3m6!1s0x2e69f3dc7107cfb3:0x3a8626931545b4c2!8m2!3d-6.2280665!4d106.8563359!16s%2Fg%2F11fb2j311p!19sChIJs88HcdzzaS4RwrRFFZMmhjo?authuser=0&hl=id&rclk=1
coffee shop,Jakarta,Second Floor Coffee Menteng,https://www.google.com/maps/place/Second+Floor+Coffee+Menteng/data=!4m7!3m6!1s0x2e69f5f65feb48cf:0x97db5f43f80f3aa8!8m2!3d-6.1998445!4d106.8247006!16s%2Fg%2F11vdh31v33!19sChIJz0jrX_b1aS4RqDoP-ENf25c?authuser=0&hl=id&rclk=1
coffee shop,Jakarta,Yeu Saigon Cafe - Gran Rubina,https://www.google.com/maps/place/Yeu+Saigon+Cafe+-+Gran+Rubina/data=!4m7!3m6!1s0x2e69f3f87421ba7b:0x25dc6dd90c921c23!8m2!3d-6.219765!4d106.8333202!16s%2Fg%2F11bwdy8m4t!19sChIJe7ohdPjzaS4RIxySDNlt3CU?authuser=0&hl=id&rclk=1
coffee shop,Jakarta,MAD FOR COFFEE SETIABUDI,https://www.google.com/maps/place/MAD+FOR+COFFEE+SETIABUDI/data=!4m7!3m6!1s0x2e69f5f454f7369b:0x10f47e4b19571141!8m2!3d-6.2159499!4d106.8257621!16s%2Fg%2F11v0js6r89!19sChIJmzb3VPT1aS4RQRFXGUt-9BA?authuser=0&hl=id&rclk=1
coffee shop,Jakarta,Podjok Manis x Little Contrast Epiwalk,https://www.google.com/maps/place/Podjok+Manis+x+Little+Contrast+Epiwalk/data=!4m7!3m6!1s0x2e69f581317dfd33:0x301765bf558a465c!8m2!3d-6.2179362!4d106.8348054!16s%2Fg%2F11krr8hwdv!19sChIJM_19MYH1aS4RXEaKVb9lFzA?authuser=0&hl=id&rclk=1
coffee shop,Jakarta,Homepage Coffee,https://www.google.com/maps/place/Homepage+Coffee/data=!4m7!3m6!1s0x2e69f3f94ab24721:0x9f88d67395d054d5!8m2!3d-6.22118!4d106.823754!16s%2Fg%2F11ddx5d1kt!19sChIJIUeySvnzaS4R1VTQlXPWiJ8?authuser=0&hl=id&rclk=1
coffee shop,Jakarta,Sahasra Coffee,https://www.google.com/maps/place/Sahasra+Coffee/data=!4m7!3m6!1s0x2e69f590a1d61787:0x2b573d7328044da1!8m2!3d-6.1922792!4d106.8412248!16s%2Fg%2F11y3k7m22h!19sChIJhxfWoZD1aS4RoU0EKHM9Vys?authuser=0&hl=id&rclk=1
coffee shop,Jakarta,Kopi inn,https://www.google.com/maps/place/Kopi+inn/data=!4m7!3m6!1s0x2e69f55f0c9eec03:0x7e4110a75cb1495a!8m2!3d-6.2134619!4d106.8428948!16s%2Fg%2F11ngyysw9v!19sChIJA-yeDF_1aS4RWkmxXKcQQX4?authuser=0&hl=id&rclk=1
coffee shop,Jakarta,Arah Coffee Setiabudi,https://www.google.com/maps/place/Arah+Coffee+Setiabudi/data=!4m7!3m6!1s0x2e69f50fb6c90e31:0xf5d855887e4dc0f0!8m2!3d-6.2075402!4d106.8249984!16s%2Fg%2F11fnxt5wl3!19sChIJMQ7Jtg_1aS4R8MBNfohV2PU?authuser=0&hl=id&rclk=1
coffee shop,Jakarta,"1/15 Coffee, Menteng","https://www.google.com/maps/place/1%2F15+Coffee,+Menteng/data=!4m7!3m6!1s0x2e69f418b10da37f:0x6e20a31a303b320e!8m2!3d-6.1978594!4d106.8242186!16s%2Fg%2F11d_wx9jpd!19sChIJf6MNsRj0aS4RDjI7MBqjIG4?authuser=0&hl=id&rclk=1"
coffee shop,Jakarta,Jak Coffee Tea - Supplier Roastery,https://www.google.com/maps/place/Jak+Coffee+Tea+-+Supplier+Roastery/data=!4m7!3m6!1s0x2e69f73948e9f793:0x6cd021dd8207d58c!8m2!3d-6.2084604!4d106.8077538!16s%2Fg%2F11jwzz4f4s!19sChIJk_fpSDn3aS4RjNUHgt0h0Gw?authuser=0&hl=id&rclk=1
coffee shop,Jakarta,Expat. Roasters - Mori Tower Jakarta,https://www.google.com/maps/place/Expat.+Roasters+-+Mori+Tower+Jakarta/data=!4m7!3m6!1s0x2e69f798cbccd947:0xc61a2db0661daf4!8m2!3d-6.2165046!4d106.8153246!16s%2Fg%2F11l5l7fgs_!19sChIJR9nMy5j3aS4R9NphBtuiYQw?authuser=0&hl=id&rclk=1
coffee shop,Jakarta,lokale coffee - Dukuh Atas,https://www.google.com/maps/place/lokale+coffee+-+Dukuh+Atas/data=!4m7!3m6!1s0x2e69f5f5aad3cc3f:0x38006ec26a0f8664!8m2!3d-6.2048818!4d106.8260366!16s%2Fg%2F11wmt0q_z6!19sChIJP8zTqvX1aS4RZIYPasJuADg?authuser=0&hl=id&rclk=1
coffee shop,Jakarta,Anomali Coffee Menteng,https://www.google.com/maps/place/Anomali+Coffee+Menteng/data=!4m7!3m6!1s0x2e69f414485a7db5:0x2658d125ad17ea61!8m2!3d-6.1993955!4d106.8369959!16s%2Fg%2F11b7c8mkb6!19sChIJtX1aSBT0aS4RYeoXrSXRWCY?authuser=0&hl=id&rclk=1
coffee shop,Jakarta,Toko Kopi Aroma Nusantara (Mall Ambasador),https://www.google.com/maps/place/Toko+Kopi+Aroma+Nusantara+%28Mall+Ambasador%29/data=!4m7!3m6!1s0x2e69f3fa4cb54431:0x502a8c9f01c9eb6!8m2!3d-6.2239618!4d106.8270713!16s%2Fg%2F11cjkpxkv4!19sChIJMUS1TPrzaS4Rtp4c8MmoAgU?authuser=0&hl=id&rclk=1
coffee shop,Jakarta,Djournal Coffee at Cafe Kissa,https://www.google.com/maps/place/Djournal+Coffee+at+Cafe+Kissa/data=!4m7!3m6!1s0x2e69f593529460ad:0x9b5594ece2daa8fd!8m2!3d-6.1964667!4d106.82213!16s%2Fg%2F11vs8zrbzk!19sChIJrWCUUpP1aS4R_aja4uyUVZs?authuser=0&hl=id&rclk=1
coffee shop,Jakarta,Calathea Coffee,https://www.google.com/maps/place/Calathea+Coffee/data=!4m7!3m6!1s0x2e69f3298d167385:0xa3a6c6a3957b1cf!8m2!3d-6.2207403!4d106.820819!16s%2Fg%2F11y4lt4fg6!19sChIJhXMWjSnzaS4Rz7FXOWpsOgo?authuser=0&hl=id&rclk=1
coffee shop,Jakarta,The People's Cafe Setiabudi One,https://www.google.com/maps/place/The+People%27s+Cafe+Setiabudi+One/data=!4m7!3m6!1s0x2e69f40879fd66c1:0xe6dfcfed44244aa7!8m2!3d-6.2146504!4d106.8303234!16s%2Fg%2F11cm02jp67!19sChIJwWb9eQj0aS4Rp0okRO3P3-Y?authuser=0&hl=id&rclk=1
coffee shop,Jakarta,Disenja coffee,https://www.google.com/maps/place/Disenja+coffee/data=!4m7!3m6!1s0x2e69f5002a401309:0x760fd7b79d66ad27!8m2!3d-6.2022592!4d106.8231703!16s%2Fg%2F11m607rdf4!19sChIJCRNAKgD1aS4RJ61mnbfXD3Y?authuser=0&hl=id&rclk=1
